{
  "project_info": {
    "project_number": "487644774277",
    "firebase_url": "https://tug-project-39442.firebaseio.com",
    "project_id": "tug-project-39442",
    "storage_bucket": "tug-project-39442.appspot.com"
  },
  "client": [
    {
      "client_info": {
        "mobilesdk_app_id": "1:487644774277:android:99084a501d2345ec",
        "android_client_info": {
          "package_name": "com.tradeupgames.tugapp"
        }
      },
      "oauth_client": [
        {
          "client_id": "487644774277-lc9takp31574uhs0v91jtnq55s2kuqdm.apps.googleusercontent.com",
          "client_type": 1,
          "android_info": {
            "package_name": "com.tradeupgames.tugapp",
            "certificate_hash": "e0f7292704e662166a4cde593206ed0b4fd78c32"
          }
        },
        {
          "client_id": "487644774277-emh0r24s3u4hdfp0anb6ntdu1a8g29ll.apps.googleusercontent.com",
          "client_type": 3
        }
      ],
      "api_key": [
        {
          "current_key": "AIzaSyDGKP-kWo3OKpBykxVf69lRtLYyvSWwkXM"
        }
      ],
      "services": {
        "analytics_service": {
          "status": 1
        },
        "appinvite_service": {
          "status": 2,
          "other_platform_oauth_client": [
            {
              "client_id": "487644774277-emh0r24s3u4hdfp0anb6ntdu1a8g29ll.apps.googleusercontent.com",
              "client_type": 3
            }
          ]
        },
        "ads_service": {
          "status": 2
        }
      }
    }
  ],
  "configuration_version": "1"
}